Pressure,Control Sensor 1,Control Sensor 2,Control Sensor 3,,Standard Deviation Control Sensor,,Coaxial Sensor 1,Coaxial Sensor 2,Coaxial Sensor 3,,,Coaxial Sensor 1,Coaxial Sensor 2,Coaxial Sensor 3,,
kPa,kPa\+(-1),kPa\+(-1),kPa\+(-1),,,,kPa\+(-1),kPa\+(-1),kPa\+(-1),,,kPa\+(-1),kPa\+(-1),kPa\+(-1),,
,Sensitivity,Sensitivity,Sensitivity,Mean,,,Sensitivity,Sensitivity,Sensitivity,Coaxial_HEX1,Coaxial_HEX5,HEX7,HEX8,HEX9,Mean,Standard Deviation Coaxial
0.2,0.296340782,0.162684588,0.142954416,0.200659929,0.083447224,,0.352464183,0.77654386,1.491935484,0.301123318,0.371101329,0.269307393,0.243364662,0.285201465,0.26595784,0.02658627
0.25,0.263334078,0.166004301,0.164538927,0.197959102,0.056621131,,0.342140974,0.784987135,1.516129032,0.356593722,0.398106312,0.362711284,0.372956391,0.284849817,0.340172497,0.055794983
0.3,0.244364991,0.18744325,0.15844863,0.19675229,0.043708111,,0.3122617,0.782623782,1.370967742,0.406041854,0.410750831,0.402651102,0.384300752,0.350114774,0.379022209,0.031686077
0.35,0.211134876,0.176161802,0.180624693,0.189307124,0.019034638,,0.368211216,0.769276525,1.290322581,0.423238949,0.408889416,0.452920511,0.443241676,0.406767138,0.434309775,0.028380218
0.4,0.178958101,0.139050179,0.185066736,0.167691672,0.024991602,,0.363746418,0.757195906,1.209677419,0.424325112,0.417328904,0.488550584,0.491945489,0.496798535,0.492431536,0.004983309
0.45,0.18131347,0.190593389,0.185680108,0.185862322,0.004642642,,0.385283668,0.778292398,1.164874552,0.442068759,0.414341824,0.510196282,0.539413534,0.518538055,0.522715957,0.021077921
0.5,0.173794413,0.191015054,0.19057889,0.185129452,0.009818854,,0.42317937,0.822378947,1.161290323,0.462186547,0.420689037,0.509919066,0.51177594,0.480347253,0.500680753,0.020375849
0.55,0.165988827,0.177493646,0.198459674,0.180647382,0.016463551,,0.42269341,0.513567477,1.129032258,0.469752956,0.412911507,0.514494517,0.525615858,0.505411921,0.515174099,0.012535638
0.6,0.173711359,0.185574671,0.203369909,0.18755198,0.014927816,,0.4412617,0.491876198,1.129032258,0.491077728,0.404487265,0.515276265,0.531904762,0.523650794,0.523610607,0.011758192
0.65,0.15854061,0.189075269,0.214904035,0.187506638,0.028214435,,0.41018294,0.483524695,1.11662531,0.503450155,0.40812829,0.525488177,0.562855986,0.559715976,0.54935338,0.028382389
0.7,0.156847566,0.201955965,0.217452464,0.192085332,0.031485083,,0.508668031,0.480682167,1.094470046,0.514942985,0.402155672,0.567790995,0.613568206,0.581309262,0.587556154,0.032966653
0.75,0.148637616,0.200678614,0.21801058,0.189108937,0.036104641,,0.506126457,0.478212845,1.064516129,0.5176,0.392947508,0.689101946,0.69007619,0.640938706,0.673372281,0.03244089
0.8,0.151494413,0.215276882,0.227475908,0.198082401,0.040804834,,0.583059456,0.485251274,1.098790323,0.523480942,0.387008721,0.703669261,0.734528195,0.665934066,0.701377174,0.041621519
0.85,0.158957608,0.218656546,0.289296097,0.222303417,0.065245729,,0.558976909,0.49327413,1.091081594,0.508499604,0.393073676,0.772374456,0.749409111,0.761246283,0.76100995,0.016240671
0.9,0.147283675,0.224058941,0.300207211,0.223849942,0.076461983,,0.678794651,0.499505682,1.093189964,0.517144494,0.401894426,0.833162127,0.848262322,0.852856329,0.844760259,0.013399787
0.95,0.146763893,0.242339936,0.29961877,0.2295742,0.077222901,,0.750366461,0.501158008,1.095076401,0.522902525,0.3982,0.881078845,0.86365651,0.830684403,0.858473253,0.030397188
1,0.145693855,0.237793548,0.295412993,0.226300132,0.075518402,,1.087266476,1.089211696,1.080645161,0.52435157,0.400169767,1.109972763,1.061946617,0.990647619,1.054188999,0.072046946
2,0.191173184,0.351464516,0.492294677,0.344977459,0.150665523,,0.629640115,0.762153801,0.870967742,0.376633632,0.285015116,0.693368872,0.630242857,0.643246886,0.655619538,0.046319859
3,0.414193669,0.536576822,0.419189364,0.456653285,0.06926087,,0.466718625,0.540931384,0.672043011,0.299516891,0.215689037,0.525259663,0.494282707,0.50190232,0.50714823,0.022523443
4,0.561152235,0.569032975,0.419960918,0.516715376,0.083884417,,0.35757808,0.428716667,0.58266129,0.244651345,0.181897841,0.441389883,0.396702444,0.426491575,0.421527967,0.031986263
5,0.633780559,0.544937634,0.452417053,0.543711749,0.090687967,,0.295111977,0.362610058,0.527419355,0.199633722,0.155899668,0.358393307,0.377681955,0.370596777,0.36889068,0.013745426
7.5,0.624313594,0.408226523,0.429143104,0.48722774,0.119179588,,0.34591404,0.262665419,0.404301075,0.149382302,0.116990476,0.256465058,0.269858045,0.289367912,0.271897005,0.01987256
10,0.558565363,0.349663082,0.356678098,0.421635515,0.118636589,,0.283187966,0.218283509,0.344354839,0.117029058,0.0949299,0.212342023,0.205522105,0.228013626,0.215292585,0.013604431
15,0.410157914,0.243682198,0.241252121,0.298364078,0.096823926,,0.194526074,0.154809045,0.274193548,--,0.067042968,0.181891154,0.167750727,0.176332943,0.175324941,0.010049473
20,0.313768715,0.191584229,0.186962781,0.230771909,0.071914476,,0.15149341,0.123107076,0.22016129,0.068413453,0.052560797,0.155312062,0.134926654,0.140638462,0.143625726,0.014720944
30,0.228040596,0.1367319,0.127145991,0.163972829,0.055690946,,0.105434766,0.088730838,0.162903226,0.04705157,0.036650166,0.10706952,0.106522556,0.107418315,0.107003464,5.67173830162879E-4
50,0.14932067,0.087345806,0.078971586,0.105212688,0.038427432,,0.065738109,0.058481778,0.108548387,0.031005919,0.023166312,0.073701167,0.066549624,0.069264762,0.069838518,0.00508935
75,0.104944804,0.060971183,0.054558349,0.073491445,0.027427476,,0.046322139,0.042925427,0.078172043,0.021816024,--,0.054386822,0.048962206,0.05025514,0.051201389,0.003950775
100,0.083374078,0.047977563,0.042302247,0.057884629,0.022256152,,0.035956218,0.034162971,0.063951613,0.017135112,0.012448405,0.027149416,0.037572256,0.038050696,0.034257456,0.008288936
150,0.060393073,0.03405902,0.029278029,0.041243374,0.016755527,,--,0.024969786,0.047096774,--,--,--,--,--,--,--
200,0.048691844,0.027414516,0.023128357,0.033078239,0.013690554,,--,0.020196158,0.035604839,--,--,--,--,--,--,--
250,0.041399777,0.023446108,0.020331312,0.028392399,0.011371869,,--,0.017284954,0.032774194,--,--,--,--,--,--,--
300,0.037634488,0.020471254,0.017240047,0.025115263,0.01096168,,0.015451098,0.01529078,0.028924731,0.007282033,0.004860377,0.016696342,0.015954937,0.01517619,0.01594249,9.28469610138211E-4
